Date,Open,High,Low,Close,Adj Close,Inflation
1928-01-01,17.760000,17.760000,17.260000,17.570000,17.570000,-1.14
1928-02-01,17.530001,17.629999,16.950001,17.260000,17.260000,-1.72
1928-03-01,17.299999,19.280001,17.299999,19.280001,19.280001,-1.16
1928-04-01,18.910000,19.750000,18.910000,19.750000,19.750000,-1.16
1928-05-01,19.780001,20.440001,19.360001,20.000000,20.000000,-1.15
1928-06-01,20.070000,20.070000,18.340000,19.139999,19.139999,-2.84
1928-07-01,18.980000,19.480000,18.700001,19.430000,19.430000,-1.16
1928-08-01,19.420000,20.870001,19.129999,20.870001,20.870001,-0.58
1928-09-01,20.969999,21.430000,20.920000,21.139999,21.139999,0.00
1928-10-01,21.360001,22.000000,21.110001,21.680000,21.680000,-1.15
1928-11-01,21.990000,24.280001,21.950001,24.280001,24.280001,-0.58
1928-12-01,23.850000,24.350000,22.309999,24.350000,24.350000,-1.16
1929-01-01,24.809999,25.740000,24.170000,25.740000,25.740000,-1.16
1929-02-01,25.840000,25.840000,24.350000,25.590000,25.590000,0.00
1929-03-01,25.830000,26.080000,24.350000,25.530001,25.530001,-0.58
1929-04-01,24.879999,25.940001,24.629999,25.940001,25.940001,-1.17
1929-05-01,25.990000,26.370001,24.200001,24.830000,24.830000,-1.16
1929-06-01,25.270000,27.410000,25.270000,27.410000,27.410000,0.00
1929-07-01,27.770000,28.879999,27.770000,28.879999,28.879999,1.17
1929-08-01,29.080000,31.709999,28.379999,31.709999,31.709999,1.17
1929-09-01,31.820000,31.860001,30.160000,30.160000,30.160000,0.00
1929-10-01,29.980000,30.809999,20.430000,24.150000,24.150000,0.58
1929-11-01,22.879999,22.879999,17.660000,20.920000,20.920000,0.58
1929-12-01,20.950001,22.570000,20.160000,21.450001,21.450001,0.58
1930-01-01,21.180000,22.790001,21.180000,22.790001,22.790001,0.00
1930-02-01,22.740000,23.360001,22.639999,23.280001,23.280001,-0.58
1930-03-01,23.360001,24.850000,23.360001,24.150000,24.150000,-0.59
1930-04-01,25.370001,25.920000,24.730000,24.900000,24.900000,0.59
1930-05-01,24.299999,24.570000,22.980000,24.490000,24.490000,-0.59
1930-06-01,24.400000,24.400000,19.389999,20.459999,20.459999,-1.75
1930-07-01,20.240000,21.820000,19.830000,21.209999,21.209999,-4.05
1930-08-01,21.110001,21.520000,19.879999,21.370001,21.370001,-4.62
1930-09-01,21.379999,21.860001,18.590000,18.590000,18.590000,-4.05
1930-10-01,19.420000,19.420000,16.900000,16.940001,16.940001,-4.62
1930-11-01,17.129999,17.200001,15.540000,16.379999,16.379999,-5.20
1930-12-01,16.799999,16.959999,14.440000,15.340000,15.340000,-6.40
1931-01-01,15.850000,16.420000,15.090000,16.190001,16.190001,-7.02
1931-02-01,16.160000,18.170000,16.160000,18.030001,18.030001,-7.65
1931-03-01,17.520000,18.059999,16.660000,16.690001,16.690001,-7.69
1931-04-01,16.520000,16.719999,14.370000,15.090000,15.090000,-8.82
1931-05-01,14.650000,15.440000,13.020000,13.020000,13.020000,-9.47
1931-06-01,12.400000,15.350000,12.200000,14.830000,14.830000,-10.12
1931-07-01,15.070000,15.260000,13.730000,13.730000,13.730000,-9.04
1931-08-01,13.930000,14.290000,13.550000,13.860000,13.860000,-8.48
1931-09-01,13.920000,13.920000,9.710000,9.710000,9.710000,-9.64
1931-10-01,9.530000,10.960000,8.820000,10.430000,10.430000,-9.70
1931-11-01,10.500000,11.520000,9.310000,9.500000,9.500000,-10.37
1931-12-01,9.380000,9.380000,7.720000,8.120000,8.120000,-9.32
1932-01-01,7.560000,8.920000,7.550000,7.940000,7.940000,-10.06
1932-02-01,8.230000,8.840000,7.500000,8.290000,8.290000,-10.19
1932-03-01,8.350000,8.980000,7.310000,7.310000,7.310000,-10.26
1932-04-01,7.180000,7.180000,5.830000,5.830000,5.830000,-10.32
1932-05-01,5.740000,6.090000,4.470000,4.470000,4.470000,-10.46
1932-06-01,4.400000,5.120000,4.400000,4.430000,4.430000,-9.93
1932-07-01,4.600000,6.030000,4.410000,6.030000,6.030000,-9.93
1932-08-01,6.110000,8.580000,5.870000,8.390000,8.390000,-10.60
1932-09-01,8.470000,9.310000,7.340000,8.080000,8.080000,-10.67
1932-10-01,8.060000,8.060000,6.420000,6.960000,6.960000,-10.74
1932-11-01,6.760000,7.680000,6.480000,6.550000,6.550000,-10.20
1932-12-01,6.730000,7.120000,6.470000,6.920000,6.920000,-10.27
1933-01-01,6.830000,7.340000,6.830000,6.940000,6.940000,-9.79
1933-02-01,6.670000,6.760000,5.530000,5.660000,5.660000,-9.93
1933-03-01,5.770000,6.930000,5.650000,5.850000,5.850000,-10.00
1933-04-01,5.870000,7.910000,5.870000,7.830000,7.830000,-9.35
1933-05-01,8.430000,9.780000,8.340000,9.640000,9.640000,-8.03
1933-06-01,9.740000,10.980000,9.740000,10.910000,10.910000,-6.62
1933-07-01,11.620000,12.200000,9.650000,9.950000,9.950000,-3.68
1933-08-01,10.250000,11.280000,10.050000,11.090000,11.090000,-2.22
1933-09-01,11.230000,11.230000,9.650000,9.720000,9.720000,-1.49
1933-10-01,9.620000,10.320000,8.610000,8.960000,8.960000,-0.75
1933-11-01,9.120000,10.230000,9.120000,9.880000,9.880000,0.00
1933-12-01,9.910000,10.310000,9.550000,9.970000,9.970000,0.76
1934-01-01,10.110000,11.330000,9.760000,11.170000,11.170000,2.33
1934-02-01,11.460000,11.820000,10.690000,10.760000,10.760000,4.72
1934-03-01,10.720000,11.070000,10.420000,10.620000,10.620000,5.56
1934-04-01,10.760000,11.160000,10.460000,10.460000,10.460000,5.56
1934-05-01,10.460000,10.460000,9.450000,9.610000,9.610000,5.56
1934-06-01,9.380000,10.370000,9.380000,9.810000,9.810000,5.51
1934-07-01,9.690000,9.990000,8.360000,8.680000,8.680000,2.29
1934-08-01,8.950000,9.520000,8.690000,9.150000,9.150000,1.52
1934-09-01,9.060000,9.210000,8.450000,9.080000,9.080000,3.03
1934-10-01,8.830000,9.190000,8.760000,8.810000,8.810000,2.27
1934-11-01,8.770000,9.540000,8.770000,9.540000,9.540000,2.27
1934-12-01,9.410000,9.560000,9.020000,9.500000,9.500000,1.52
1935-01-01,9.510000,9.580000,8.960000,9.100000,9.100000,3.03
1935-02-01,9.050000,9.340000,8.740000,8.740000,8.740000,3.01
1935-03-01,8.790000,8.790000,8.060000,8.450000,8.450000,3.01
1935-04-01,8.540000,9.440000,8.220000,9.280000,9.280000,3.76
1935-05-01,9.230000,10.070000,9.150000,9.580000,9.580000,3.76
1935-06-01,9.670000,10.470000,9.670000,10.240000,10.240000,2.24
1935-07-01,10.280000,11.080000,10.280000,11.080000,11.080000,2.24
1935-08-01,11.040000,11.670000,10.620000,11.240000,11.240000,2.24
1935-09-01,11.210000,11.920000,11.210000,11.590000,11.590000,0.74
1935-10-01,11.480000,12.460000,11.100000,12.460000,12.460000,1.48
1935-11-01,12.610000,13.460000,12.610000,12.940000,12.940000,2.22
1935-12-01,12.750000,13.430000,12.750000,13.430000,13.430000,2.99
1936-01-01,13.400000,14.310000,13.400000,14.310000,14.310000,1.47
1936-02-01,14.440000,14.870000,14.320000,14.600000,14.600000,0.73
1936-03-01,14.770000,15.100000,14.240000,14.920000,14.920000,0.00
1936-04-01,15.190000,15.510000,13.530000,13.770000,13.770000,-0.72
1936-05-01,13.870000,14.450000,13.820000,14.400000,14.400000,-0.72
1936-06-01,14.390000,15.160000,14.120000,14.840000,14.840000,0.73
1936-07-01,14.900000,16.150000,14.810000,15.850000,15.850000,1.46
1936-08-01,15.910000,16.200001,15.320000,15.990000,15.990000,2.19
1936-09-01,15.950000,16.290001,15.000000,16.010000,16.010000,2.19
1936-10-01,16.040001,17.230000,16.040001,17.230000,17.230000,2.19
1936-11-01,17.170000,17.690001,16.889999,17.280001,17.280001,1.45
1936-12-01,17.139999,17.320000,16.650000,17.180000,17.180000,1.45
1937-01-01,16.930000,17.959999,16.930000,17.770000,17.770000,2.17
1937-02-01,17.879999,18.370001,17.860001,18.059999,18.059999,2.17
1937-03-01,18.090000,18.670000,17.219999,17.920000,17.920000,3.65
1937-04-01,17.709999,17.709999,15.990000,16.430000,16.430000,4.38
1937-05-01,16.469999,16.730000,15.620000,16.260000,16.260000,5.11
1937-06-01,15.960000,16.280001,15.120000,15.400000,15.400000,4.35
1937-07-01,15.470000,17.059999,15.470000,16.770000,16.770000,4.32
1937-08-01,17.070000,17.270000,15.880000,16.040001,16.040001,3.57
1937-09-01,15.610000,15.610000,13.200000,13.760000,13.760000,4.29
1937-10-01,13.720000,13.720000,10.760000,12.350000,12.350000,4.29
1937-11-01,12.080000,12.080000,10.170000,11.110000,11.110000,3.57
1937-12-01,10.970000,11.420000,10.310000,10.550000,10.550000,2.86
1938-01-01,10.520000,11.950000,10.520000,10.690000,10.690000,0.71
1938-02-01,10.890000,11.680000,10.340000,11.340000,11.340000,0.00
1938-03-01,11.460000,11.460000,8.500000,8.500000,8.500000,-0.70
1938-04-01,8.910000,10.450000,8.910000,9.780000,9.780000,-0.70
1938-05-01,9.590000,10.630000,9.270000,9.270000,9.270000,-2.08
1938-06-01,9.570000,11.720000,9.420000,11.560000,11.560000,-2.08
1938-07-01,11.910000,12.800000,11.730000,12.330000,12.330000,-2.76
1938-08-01,12.250000,12.730000,11.850000,12.060000,12.060000,-2.76
1938-09-01,11.920000,12.410000,10.990000,12.240000,12.240000,-3.42
1938-10-01,12.520000,13.910000,12.480000,13.170000,13.170000,-4.11
1938-11-01,13.100000,13.790000,12.370000,12.730000,12.730000,-3.45
1938-12-01,12.610000,13.140000,12.320000,13.140000,13.140000,-2.78
1939-01-01,13.080000,13.230000,11.530000,12.300000,12.300000,-1.41
1939-02-01,12.120000,12.700000,12.120000,12.700000,12.700000,-1.42
1939-03-01,12.700000,13.100000,10.980000,10.980000,10.980000,-1.42
1939-04-01,11.260000,11.260000,10.420000,10.930000,10.930000,-2.82
1939-05-01,10.860000,11.650000,10.860000,11.600000,11.600000,-2.13
1939-06-01,11.420000,11.800000,10.790000,10.860000,10.860000,-2.13
1939-07-01,11.000000,12.180000,11.000000,12.040000,12.040000,-2.13
1939-08-01,12.040000,12.160000,10.860000,11.180000,11.180000,-2.13
1939-09-01,11.300000,13.170000,11.300000,12.790000,12.790000,0.00
1939-10-01,12.880000,13.210000,12.730000,12.830000,12.830000,0.00
1939-11-01,12.820000,12.950000,12.200000,12.200000,12.200000,0.00
1939-12-01,12.290000,12.460000,12.190000,12.460000,12.460000,0.00
1940-01-01,12.630000,12.770000,12.050000,12.050000,12.050000,-0.71
1940-02-01,12.050000,12.370000,12.040000,12.130000,12.130000,0.72
1940-03-01,12.060000,12.270000,12.000000,12.180000,12.180000,0.72
1940-04-01,12.210000,12.590000,12.040000,12.190000,12.190000,1.45
1940-05-01,12.030000,12.120000,9.140000,9.270000,9.270000,1.45
1940-06-01,9.110000,10.100000,8.990000,9.980000,9.980000,2.17
1940-07-01,9.870000,10.330000,9.850000,10.290000,10.290000,1.45
1940-08-01,10.260000,10.500000,9.840000,10.500000,10.500000,1.45
1940-09-01,10.560000,10.930000,10.300000,10.660000,10.660000,-0.71
1940-10-01,10.810000,11.080000,10.470000,11.080000,11.080000,0.00
1940-11-01,11.080000,11.390000,10.560000,10.570000,10.570000,0.00
1940-12-01,10.620000,10.690000,10.380000,10.580000,10.580000,0.71
1941-01-01,10.480000,10.860000,10.040000,10.070000,10.070000,1.44
1941-02-01,9.960000,10.190000,9.530000,9.920000,9.920000,0.71
1941-03-01,9.770000,10.100000,9.760000,9.960000,9.960000,1.43
1941-04-01,9.970000,10.160000,9.310000,9.310000,9.310000,2.14
1941-05-01,9.300000,9.560000,9.300000,9.380000,9.380000,2.86
1941-06-01,9.360000,9.950000,9.360000,9.850000,9.850000,4.26
1941-07-01,9.820000,10.470000,9.820000,10.390000,10.390000,5.00
1941-08-01,10.340000,10.360000,10.030000,10.280000,10.280000,6.43
1941-09-01,10.340000,10.470000,10.090000,10.200000,10.200000,7.86
1941-10-01,10.170000,10.170000,9.500000,9.500000,9.500000,9.29
1941-11-01,9.590000,9.660000,9.120000,9.120000,9.120000,10.00
1941-12-01,9.070000,9.380000,8.370000,8.690000,8.690000,9.93
1942-01-01,8.890000,9.090000,8.810000,8.850000,8.850000,11.35
1942-02-01,8.840000,8.970000,8.460000,8.590000,8.590000,12.06
1942-03-01,8.470000,8.600000,7.980000,8.010000,8.010000,12.68
1942-04-01,8.050000,8.200000,7.470000,7.660000,7.660000,12.59
1942-05-01,7.710000,8.180000,7.710000,8.150000,8.150000,13.19
1942-06-01,8.190000,8.530000,8.180000,8.300000,8.300000,10.88
1942-07-01,8.230000,8.830000,8.230000,8.560000,8.560000,11.56
1942-08-01,8.570000,8.730000,8.460000,8.620000,8.620000,10.74
1942-09-01,8.620000,8.900000,8.540000,8.850000,8.850000,9.27
1942-10-01,8.920000,9.480000,8.920000,9.360000,9.360000,9.15
1942-11-01,9.480000,9.690000,9.290000,9.290000,9.290000,9.09
1942-12-01,9.280000,9.770000,9.280000,9.770000,9.770000,9.03
1943-01-01,9.920000,10.440000,9.890000,10.440000,10.440000,7.64
1943-02-01,10.520000,10.970000,10.430000,10.970000,10.970000,6.96
1943-03-01,10.920000,11.590000,10.840000,11.580000,11.580000,7.50
1943-04-01,11.590000,11.760000,11.140000,11.590000,11.590000,8.07
1943-05-01,11.820000,12.050000,11.700000,12.050000,12.050000,7.36
1943-06-01,12.180000,12.350000,11.880000,12.350000,12.350000,7.36
1943-07-01,12.360000,12.640000,11.850000,11.850000,11.850000,6.10
1943-08-01,11.470000,11.920000,11.470000,11.800000,11.800000,4.85
1943-09-01,11.840000,12.240000,11.780000,12.080000,12.080000,5.45
1943-10-01,12.090000,12.090000,11.670000,11.910000,11.910000,4.19
1943-11-01,11.920000,11.920000,10.990000,11.020000,11.020000,3.57
1943-12-01,11.130000,11.690000,11.130000,11.670000,11.670000,2.96
1944-01-01,11.660000,11.940000,11.660000,11.850000,11.850000,2.96
1944-02-01,11.830000,11.890000,11.560000,11.820000,11.820000,2.96
1944-03-01,11.870000,12.310000,11.870000,12.020000,12.020000,1.16
1944-04-01,11.960000,12.060000,11.670000,11.870000,11.870000,0.57
1944-05-01,11.960000,12.350000,11.950000,12.350000,12.350000,0.00
1944-06-01,12.310000,13.020000,12.230000,12.980000,12.980000,0.57
1944-07-01,13.110000,13.270000,12.700000,12.710000,12.710000,1.72
1944-08-01,12.780000,13.040000,12.610000,12.820000,12.820000,2.31
1944-09-01,12.860000,12.860000,12.350000,12.740000,12.740000,1.72
1944-10-01,12.800000,13.070000,12.730000,12.780000,12.780000,1.72
1944-11-01,12.830000,12.980000,12.670000,12.830000,12.830000,1.72
1944-12-01,12.800000,13.280000,12.800000,13.280000,13.280000,2.30
1945-01-01,13.330000,13.690000,13.210000,13.470000,13.470000,2.30
1945-02-01,13.500000,14.300000,13.500000,14.300000,14.300000,2.30
1945-03-01,14.320000,14.380000,13.390000,13.610000,13.610000,2.30
1945-04-01,13.770000,14.840000,13.670000,14.840000,14.840000,1.71
1945-05-01,14.790000,15.110000,14.620000,15.010000,15.010000,2.29
1945-06-01,15.030000,15.370000,14.870000,14.870000,14.870000,2.84
1945-07-01,15.030000,15.100000,14.380000,14.660000,14.660000,2.26
1945-08-01,14.680000,15.510000,14.400000,15.510000,15.510000,2.26
1945-09-01,15.510000,16.049999,15.510000,16.049999,16.049999,2.26
1945-10-01,16.330000,16.719999,16.299999,16.650000,16.650000,2.26
1945-11-01,16.870001,17.270000,16.850000,17.190001,17.190001,2.26
1945-12-01,17.440001,17.680000,16.940001,17.360001,17.360001,2.25
1946-01-01,17.250000,18.670000,17.230000,18.570000,18.570000,2.25
1946-02-01,18.639999,18.700001,16.809999,17.280001,17.280001,1.69
1946-03-01,17.209999,18.070000,17.090000,18.040001,18.040001,2.81
1946-04-01,18.059999,18.900000,18.059999,18.760000,18.760000,3.37
1946-05-01,18.709999,19.250000,18.260000,19.180000,19.180000,3.35
1946-06-01,19.049999,19.049999,18.030001,18.430000,18.430000,3.31
1946-07-01,18.540001,18.540001,17.389999,17.959999,17.959999,9.39
1946-08-01,18.010000,18.230000,16.650000,16.650000,16.650000,11.60
1946-09-01,15.000000,15.990000,14.330000,14.960000,14.960000,12.71
1946-10-01,14.920000,15.300000,14.120000,14.840000,14.840000,14.92
1946-11-01,15.070000,15.330000,14.130000,14.680000,14.680000,17.68
1946-12-01,14.440000,15.500000,14.440000,15.300000,15.300000,18.13
1947-01-01,15.200000,15.660000,14.770000,15.660000,15.660000,18.13
1947-02-01,15.800000,16.139999,15.300000,15.430000,15.430000,18.78
1947-03-01,15.410000,15.650000,14.780000,15.170000,15.170000,19.67
1947-04-01,15.230000,15.230000,14.090000,14.580000,14.580000,19.02
1947-05-01,14.690000,14.850000,13.770000,14.450000,14.450000,18.38
1947-06-01,14.300000,15.240000,14.300000,15.210000,15.210000,17.65
1947-07-01,15.460000,16.120001,15.440000,15.760000,15.760000,12.12
1947-08-01,15.800000,15.800000,15.220000,15.320000,15.320000,11.39
1947-09-01,15.370000,15.370000,14.850000,15.110000,15.110000,12.75
1947-10-01,15.160000,15.790000,15.160000,15.430000,15.430000,10.58
1947-11-01,15.460000,15.460000,14.980000,14.980000,14.980000,8.45
1947-12-01,15.070000,15.300000,14.630000,15.300000,15.300000,8.84
1948-01-01,15.340000,15.340000,14.320000,14.680000,14.680000,10.23
1948-02-01,14.710000,14.710000,13.850000,13.930000,13.930000,9.30
1948-03-01,14.070000,15.080000,13.840000,15.080000,15.080000,6.85
1948-04-01,15.120000,15.780000,15.120000,15.480000,15.480000,8.68
1948-05-01,15.600000,16.690001,15.500000,16.690001,16.690001,9.13
1948-06-01,16.740000,17.059999,16.540001,16.740000,16.740000,9.55
1948-07-01,16.700001,16.920000,15.720000,15.850000,15.850000,9.91
1948-08-01,15.850000,16.150000,15.670000,15.970000,15.970000,8.89
1948-09-01,16.160000,16.350000,15.190000,15.490000,15.490000,6.52
1948-10-01,15.670000,16.610001,15.670000,16.500000,16.500000,6.09
1948-11-01,16.700001,16.700001,14.750000,14.750000,14.750000,4.76
1948-12-01,15.010000,15.330000,15.000000,15.200000,15.200000,2.99
1949-01-01,14.950000,15.610000,14.950000,15.220000,15.220000,1.27
1949-02-01,15.340000,15.350000,14.380000,14.620000,14.620000,1.28
1949-03-01,14.710000,15.220000,14.650000,15.060000,15.060000,1.71
1949-04-01,14.940000,15.070000,14.680000,14.710000,14.710000,0.42
1949-05-01,14.780000,15.020000,14.190000,14.190000,14.190000,-0.42
1949-06-01,14.140000,14.160000,13.550000,14.160000,14.160000,-0.83
1949-07-01,14.260000,15.060000,14.260000,15.040000,15.040000,-2.87
1949-08-01,15.120000,15.510000,15.120000,15.220000,15.220000,-2.86
1949-09-01,15.310000,15.740000,15.190000,15.580000,15.580000,-2.45
1949-10-01,15.600000,16.150000,15.600000,16.040001,16.040001,-2.87
1949-11-01,16.200001,16.330000,15.750000,16.059999,16.059999,-1.65
1949-12-01,16.150000,16.790001,16.150000,16.790001,16.790001,-2.07
1950-01-01,16.660000,17.090000,16.650000,17.049999,17.049999,-2.08
1950-02-01,17.049999,17.350000,16.990000,17.219999,17.219999,-1.26
1950-03-01,17.240000,17.610001,17.070000,17.290001,17.290001,-0.84
1950-04-01,17.340000,18.070000,17.340000,18.070000,18.070000,-1.26
1950-05-01,18.219999,18.780001,18.110001,18.780001,18.780001,-0.42
1950-06-01,18.770000,19.400000,17.440001,17.690001,17.690001,-0.42
1950-07-01,17.639999,17.910000,16.680000,17.840000,17.840000,1.69
1950-08-01,18.020000,18.820000,17.950001,18.420000,18.420000,2.10
1950-09-01,18.549999,19.450001,18.540001,19.450001,19.450001,2.09
1950-10-01,19.690001,20.160000,19.530001,19.530001,19.530001,3.80
1950-11-01,19.559999,20.320000,19.360001,19.510000,19.510000,3.78
1950-12-01,19.660000,20.430000,19.000000,20.410000,20.410000,5.93
1951-01-01,20.770000,21.740000,20.690001,21.660000,21.660000,8.09
1951-02-01,21.770000,22.209999,21.760000,21.799999,21.799999,9.36
1951-03-01,21.850000,21.950001,21.250000,21.400000,21.400000,9.32
1951-04-01,21.320000,22.430000,21.260000,22.430000,22.430000,9.32
1951-05-01,22.530001,22.809999,21.030001,21.520000,21.520000,9.28
1951-06-01,21.480000,22.049999,20.959999,20.959999,20.959999,8.82
1951-07-01,21.100000,22.629999,21.100000,22.400000,22.400000,7.47
1951-08-01,22.510000,23.280001,22.510000,23.280001,23.280001,6.58
1951-09-01,23.280001,23.709999,23.260000,23.260000,23.260000,6.97
1951-10-01,23.469999,23.850000,22.450001,22.940001,22.940001,6.50
1951-11-01,23.100000,23.100000,22.299999,22.879999,22.879999,6.88
1951-12-01,22.940001,23.770000,22.940001,23.770000,23.770000,6.00
1952-01-01,23.799999,24.660000,23.740000,24.139999,24.139999,4.33
1952-02-01,24.299999,24.410000,23.090000,23.260000,23.260000,2.33
1952-03-01,23.280001,24.370001,23.280001,24.370001,24.370001,1.94
1952-04-01,24.180000,24.180000,23.320000,23.320000,23.320000,2.33
1952-05-01,23.170000,23.940001,23.170000,23.860001,23.860001,1.93
1952-06-01,23.799999,24.959999,23.780001,24.959999,24.959999,2.32
1952-07-01,25.120001,25.400000,24.809999,25.400000,25.400000,3.09
1952-08-01,25.450001,25.549999,24.830000,25.030001,25.030001,3.09
1952-09-01,25.150000,25.250000,24.450001,24.540001,24.540001,2.30
1952-10-01,24.480000,24.580000,23.799999,24.520000,24.520000,1.91
1952-11-01,24.600000,25.660000,24.600000,25.660000,25.660000,1.14
1952-12-01,25.680000,26.590000,25.610001,26.570000,26.570000,0.75
1953-01-01,26.540001,26.660000,25.860001,26.379999,26.379999,0.38
1953-02-01,26.510000,26.540001,25.480000,25.900000,25.900000,0.76
1953-03-01,25.930000,26.330000,25.290001,25.290001,25.290001,1.14
1953-04-01,25.250000,25.250000,24.190001,24.620001,24.620001,0.76
1953-05-01,24.730000,25.059999,24.459999,24.540001,24.540001,1.14
1953-06-01,24.150000,24.219999,23.540001,24.139999,24.139999,1.13
1953-07-01,24.240000,24.750000,24.070000,24.750000,24.750000,0.37
1953-08-01,24.840000,24.840000,23.320000,23.320000,23.320000,0.75
1953-09-01,23.420000,23.650000,22.709999,23.350000,23.350000,0.75
1953-10-01,23.490000,24.580000,23.389999,24.540001,24.540001,1.12
1953-11-01,24.660000,24.760000,24.250000,24.760000,24.760000,0.75
1953-12-01,24.780001,24.990000,24.549999,24.809999,24.809999,0.75
1954-01-01,24.950001,26.090000,24.799999,26.080000,26.080000,1.13
1954-02-01,25.990000,26.299999,25.809999,26.150000,26.150000,1.51
1954-03-01,26.250000,26.940001,26.250000,26.940001,26.940001,1.13
1954-04-01,27.170000,28.260000,27.010000,28.260000,28.260000,0.75
1954-05-01,28.209999,29.190001,28.209999,29.190001,29.190001,0.75
1954-06-01,29.190001,29.430000,28.150000,29.209999,29.209999,0.37
1954-07-01,29.209999,30.879999,29.209999,30.879999,30.879999,0.37
1954-08-01,30.990000,31.209999,29.830000,29.830000,29.830000,0.00
1954-09-01,30.040001,32.689999,30.040001,32.310001,32.310001,-0.37
1954-10-01,32.290001,32.759998,31.680000,31.680000,31.680000,-0.74
1954-11-01,31.790001,34.549999,31.790001,34.240002,34.240002,-0.37
1954-12-01,33.990002,35.980000,33.990002,35.980000,35.980000,-0.74
1955-01-01,36.750000,36.750000,34.580002,36.630001,36.630001,-0.74
1955-02-01,36.720001,37.150002,36.439999,36.759998,36.759998,-0.74
1955-03-01,36.830002,37.520000,34.959999,36.580002,36.580002,-0.74
1955-04-01,36.950001,38.320000,36.830002,37.959999,37.959999,-0.37
1955-05-01,38.040001,38.040001,36.970001,37.910000,37.910000,-0.74
1955-06-01,37.959999,41.029999,37.959999,41.029999,41.029999,-0.74
1955-07-01,41.189999,43.759998,41.189999,43.520000,43.520000,-0.37
1955-08-01,42.930000,43.180000,41.740002,43.180000,43.180000,-0.37
1955-09-01,43.369999,45.630001,42.610001,43.669998,43.669998,0.37
1955-10-01,42.490002,42.990002,40.799999,42.340000,42.340000,0.37
1955-11-01,42.279999,46.410000,42.279999,45.509998,45.509998,0.37
1955-12-01,45.349998,45.889999,44.950001,45.480000,45.480000,0.37
1956-01-01,45.160000,45.160000,43.110001,43.820000,43.820000,0.37
1956-02-01,44.029999,45.430000,43.419998,45.340000,45.340000,0.37
1956-03-01,45.540001,48.869999,45.540001,48.480000,48.480000,0.37
1956-04-01,48.700001,48.849998,47.090000,48.380001,48.380001,0.75
1956-05-01,48.160000,48.509998,44.099998,45.200001,45.200001,1.12
1956-06-01,45.580002,47.130001,45.139999,46.970001,46.970001,1.87
1956-07-01,46.930000,49.480000,46.930000,49.389999,49.389999,2.24
1956-08-01,49.619999,49.639999,46.939999,47.509998,47.509998,1.87
1956-09-01,47.889999,48.099998,45.349998,45.349998,45.349998,1.86
1956-10-01,44.700001,47.000000,44.700001,45.580002,45.580002,2.23
1956-11-01,46.520000,47.599998,44.380001,45.080002,45.080002,2.23
1956-12-01,45.980000,47.040001,45.840000,46.669998,46.669998,2.99
1957-01-01,46.200001,46.660000,44.400002,44.720001,44.720001,2.99
1957-02-01,44.619999,44.619999,42.389999,43.259998,43.259998,3.36
1957-03-01,43.740002,44.230000,43.740002,44.110001,44.110001,3.73
1957-04-01,44.139999,45.740002,44.139999,45.740002,45.740002,3.72
1957-05-01,46.020000,47.430000,46.020000,47.430000,47.430000,3.70
1957-06-01,47.369999,48.240002,46.779999,47.369999,47.369999,3.31
1957-07-01,47.430000,49.130001,47.430000,47.910000,47.910000,3.28
1957-08-01,47.790001,47.790001,43.889999,45.220001,45.220001,3.66
1957-09-01,45.439999,45.439999,42.419998,42.419998,42.419998,3.28
1957-10-01,42.759998,43.139999,38.980000,41.060001,41.060001,2.91
1957-11-01,40.439999,41.720001,39.439999,41.720001,41.720001,3.27
1957-12-01,41.360001,41.540001,39.380001,39.990002,39.990002,2.90
1958-01-01,40.330002,41.880001,40.330002,41.700001,41.700001,3.62
1958-02-01,42.040001,42.459999,40.610001,40.840000,40.840000,3.25
1958-03-01,41.130001,42.580002,41.130001,42.099998,42.099998,3.60
1958-04-01,41.930000,43.439999,41.330002,43.439999,43.439999,3.58
1958-05-01,43.540001,44.090000,43.119999,44.090000,44.090000,3.21
1958-06-01,44.310001,45.340000,44.310001,45.240002,45.240002,2.85
1958-07-01,45.279999,47.189999,45.110001,47.189999,47.189999,2.47
1958-08-01,47.490002,48.160000,47.220001,47.750000,47.750000,2.12
1958-09-01,48.000000,50.060001,47.970001,50.060001,50.060001,2.12
1958-10-01,49.980000,51.619999,49.980000,51.330002,51.330002,2.12
1958-11-01,51.560001,53.240002,51.020000,52.480000,52.480000,2.11
1958-12-01,52.689999,55.209999,52.459999,55.209999,55.209999,1.76
1959-01-01,55.439999,56.040001,54.889999,55.450001,55.450001,1.40
1959-02-01,55.209999,55.520000,53.580002,55.410000,55.410000,1.05
1959-03-01,55.730000,56.669998,55.439999,55.439999,55.439999,0.35
1959-04-01,55.689999,58.169998,55.689999,57.590000,57.590000,0.35
1959-05-01,57.650002,58.680000,56.880001,58.680000,58.680000,0.35
1959-06-01,58.630001,58.630001,56.360001,58.470001,58.470001,0.69
1959-07-01,58.970001,60.619999,58.910000,60.509998,60.509998,0.69
1959-08-01,60.709999,60.709999,58.270000,59.599998,59.599998,1.04
1959-09-01,58.869999,58.919998,55.139999,56.880001,56.880001,1.38
1959-10-01,56.939999,57.520000,56.000000,57.520000,57.520000,1.73
1959-11-01,57.410000,58.279999,56.220001,58.279999,58.279999,1.38
1959-12-01,58.700001,59.889999,58.599998,59.889999,59.889999,1.73
1960-01-01,59.910000,60.389999,55.610001,55.610001,55.610001,1.03
1960-02-01,55.959999,56.820000,54.730000,56.119999,56.119999,1.73
1960-03-01,56.009998,56.009998,53.470001,55.340000,55.340000,1.73
1960-04-01,55.430000,56.590000,54.369999,54.369999,54.369999,1.72
1960-05-01,54.130001,55.830002,54.130001,55.830002,55.830002,1.72
1960-06-01,55.889999,58.000000,55.889999,56.919998,56.919998,1.72
1960-07-01,57.060001,57.380001,54.169998,55.509998,55.509998,1.37
1960-08-01,55.529999,58.070000,54.720001,56.959999,56.959999,1.37
1960-09-01,57.090000,57.090000,52.480000,53.520000,53.520000,1.02
1960-10-01,53.360001,54.860001,52.200001,53.389999,53.389999,1.36
1960-11-01,53.939999,56.430000,53.939999,55.540001,55.540001,1.36
1960-12-01,55.299999,58.110001,55.299999,58.110001,58.110001,1.36
1961-01-01,57.570000,61.970001,57.570000,61.779999,61.779999,1.71
1961-02-01,61.900002,63.439999,61.139999,63.439999,63.439999,1.36
1961-03-01,63.430000,65.059998,63.380001,65.059998,65.059998,1.36
1961-04-01,65.599998,68.680000,64.400002,65.309998,65.309998,1.02
1961-05-01,65.169998,67.389999,65.169998,66.559998,66.559998,1.02
1961-06-01,66.559998,67.080002,64.470001,64.639999,64.639999,0.68
1961-07-01,65.209999,66.760002,64.410004,66.760002,66.760002,1.35
1961-08-01,67.370003,68.440002,66.940002,68.070000,68.070000,1.01
1961-09-01,68.190002,68.459999,65.769997,66.730003,66.730003,1.35
1961-10-01,66.769997,68.620003,66.730003,68.620003,68.620003,0.67
1961-11-01,68.730003,71.849998,68.730003,71.320000,71.320000,0.67
1961-12-01,71.779999,72.639999,70.860001,71.550003,71.550003,0.67
1962-01-01,71.550003,71.959999,67.550003,68.839996,68.839996,0.67
1962-02-01,68.839996,71.129997,68.559998,69.959999,69.959999,1.01
1962-03-01,69.959999,71.440002,69.160004,69.550003,69.550003,1.01
1962-04-01,69.550003,69.820000,64.949997,65.239998,65.239998,1.34
1962-05-01,65.239998,66.930000,53.130001,59.630001,59.630001,1.34
1962-06-01,59.630001,59.959999,51.349998,54.750000,54.750000,1.34
1962-07-01,54.750000,58.669998,54.470001,58.230000,58.230000,1.00
1962-08-01,58.230000,60.330002,56.759998,59.119999,59.119999,1.34
1962-09-01,59.119999,59.540001,55.529999,56.270000,56.270000,1.33
1962-10-01,56.270000,57.830002,52.549999,56.520000,56.520000,1.33
1962-11-01,56.520000,62.779999,55.900002,62.259998,62.259998,1.33
1962-12-01,62.259998,63.500000,61.279999,63.099998,63.099998,1.33
1963-01-01,63.099998,66.589996,62.320000,66.199997,66.199997,1.33
1963-02-01,66.309998,66.959999,64.080002,64.290001,64.290001,1.00
1963-03-01,64.290001,67.010002,63.799999,66.570000,66.570000,1.33
1963-04-01,66.570000,70.180000,66.230003,69.800003,69.800003,0.99
1963-05-01,69.800003,71.139999,69.029999,70.800003,70.800003,0.99
1963-06-01,70.800003,71.239998,68.779999,69.370003,69.370003,1.32
1963-07-01,69.370003,70.480003,67.540001,69.129997,69.129997,1.32
1963-08-01,69.129997,72.709999,68.639999,72.500000,72.500000,1.32
1963-09-01,72.500000,73.870003,71.279999,71.699997,71.699997,0.99
1963-10-01,71.699997,75.180000,71.570000,74.010002,74.010002,1.32
1963-11-01,74.010002,74.440002,69.480003,73.230003,73.230003,1.32
1963-12-01,73.230003,75.360001,73.019997,75.019997,75.019997,1.64
1964-01-01,75.019997,77.779999,74.820000,77.040001,77.040001,1.64
1964-02-01,77.040001,78.309998,76.360001,77.800003,77.800003,1.64
1964-03-01,77.800003,79.889999,77.500000,78.980003,78.980003,1.31
1964-04-01,78.980003,81.199997,78.669998,79.459999,79.459999,1.31
1964-05-01,79.459999,81.809998,79.459999,80.370003,80.370003,1.31
1964-06-01,80.370003,82.099998,78.150002,81.690002,81.690002,1.31
1964-07-01,81.690002,84.330002,81.459999,83.180000,83.180000,1.30
1964-08-01,83.180000,83.489998,80.800003,81.830002,81.830002,0.98
1964-09-01,81.830002,84.800003,81.570000,84.180000,84.180000,1.30
1964-10-01,84.180000,85.699997,83.650002,84.860001,84.860001,0.97
1964-11-01,84.860001,86.800003,84.099998,84.419998,84.419998,1.30
1964-12-01,84.419998,85.180000,82.650002,84.750000,84.750000,0.97
1965-01-01,84.750000,88.190002,83.769997,87.559998,87.559998,0.97
1965-02-01,87.559998,88.059998,85.250000,87.430000,87.430000,0.97
1965-03-01,87.430000,87.930000,85.650002,86.160004,86.160004,1.29
1965-04-01,86.160004,89.639999,85.870003,89.110001,89.110001,1.62
1965-05-01,89.110001,90.680000,87.239998,88.419998,88.419998,1.62
1965-06-01,88.419998,88.800003,80.730003,84.120003,84.120003,1.94
1965-07-01,84.120003,86.470001,83.300003,85.250000,85.250000,1.61
1965-08-01,85.250000,87.790001,84.800003,87.169998,87.169998,1.94
1965-09-01,87.169998,91.129997,86.690002,89.959999,89.959999,1.61
1965-10-01,89.959999,93.190002,89.300003,92.419998,92.419998,1.93
1965-11-01,92.419998,93.300003,90.809998,91.610001,91.610001,1.60
1965-12-01,91.610001,93.070000,89.199997,92.430000,92.430000,1.92
1966-01-01,92.430000,94.639999,91.629997,92.879997,92.879997,1.92
1966-02-01,92.879997,94.720001,90.430000,91.220001,91.220001,2.56
1966-03-01,91.220001,91.650002,86.690002,89.230003,89.230003,2.56
1966-04-01,89.230003,93.019997,88.959999,91.059998,91.059998,2.87
1966-05-01,91.059998,91.750000,83.180000,86.129997,86.129997,2.87
1966-06-01,86.129997,87.739998,83.750000,84.739998,84.739998,2.53
1966-07-01,84.739998,88.190002,83.050003,83.599998,83.599998,2.85
1966-08-01,83.500000,84.699997,73.910004,77.099998,77.099998,3.48
1966-09-01,77.099998,80.809998,75.029999,76.559998,76.559998,3.48
1966-10-01,76.559998,80.910004,72.279999,80.199997,80.199997,3.79
1966-11-01,80.199997,83.010002,78.889999,80.449997,80.449997,3.79
1966-12-01,80.449997,83.879997,79.489998,80.330002,80.330002,3.46
1967-01-01,80.330002,88.169998,79.430000,86.610001,86.610001,3.46
1967-02-01,86.610001,89.000000,85.610001,86.779999,86.779999,2.81
1967-03-01,86.779999,91.720001,86.669998,90.199997,90.199997,2.80
1967-04-01,90.199997,94.769997,87.860001,94.010002,94.010002,2.48
1967-05-01,94.010002,95.250000,88.709999,89.080002,89.080002,2.79
1967-06-01,89.080002,93.279999,87.190002,90.639999,90.639999,2.78
1967-07-01,90.639999,95.510002,90.120003,94.750000,94.750000,2.77
1967-08-01,94.750000,96.669998,92.010002,93.639999,93.639999,2.45
1967-09-01,93.639999,98.309998,93.000000,96.709999,96.709999,2.75
1967-10-01,96.709999,98.250000,93.290001,93.300003,93.300003,2.43
1967-11-01,93.300003,95.510002,90.089996,94.000000,94.000000,2.74
1967-12-01,94.000000,96.900002,93.410004,96.470001,96.470001,3.04
1968-01-01,96.470001,97.839996,91.269997,92.239998,92.239998,3.65
1968-02-01,92.239998,93.440002,86.730003,89.360001,89.360001,3.95
1968-03-01,89.360001,91.089996,86.989998,90.199997,90.199997,3.94
1968-04-01,91.110001,98.610001,91.110001,97.459999,97.459999,3.93
1968-05-01,97.459999,100.190002,95.800003,98.680000,98.680000,3.92
1968-06-01,98.720001,102.839996,98.720001,99.580002,99.580002,4.20
1968-07-01,99.580002,103.669998,96.839996,97.739998,97.739998,4.49
1968-08-01,97.739998,99.669998,95.790001,98.860001,98.860001,4.48
1968-09-01,98.860001,103.629997,98.309998,102.669998,102.669998,4.46
1968-10-01,102.669998,105.779999,101.800003,103.410004,103.410004,4.75
1968-11-01,103.410004,109.089996,101.849998,108.370003,108.370003,4.73
1968-12-01,108.370003,109.370003,102.980003,103.860001,103.860001,4.72
1969-01-01,103.860001,104.870003,96.629997,103.010002,103.010002,4.40
1969-02-01,103.010002,104.610001,97.360001,98.129997,98.129997,4.68
1969-03-01,98.129997,102.349998,97.059998,101.510002,101.510002,5.25
1969-04-01,101.510002,104.559998,99.080002,103.690002,103.690002,5.52
1969-05-01,103.690002,106.739998,102.290001,103.459999,103.459999,5.51
1969-06-01,103.459999,103.750000,95.209999,97.709999,97.709999,5.48
1969-07-01,97.709999,100.330002,88.040001,91.830002,91.830002,5.44
1969-08-01,91.919998,96.430000,91.480003,95.510002,95.510002,5.71
1969-09-01,95.510002,96.620003,91.769997,93.120003,93.120003,5.70
1969-10-01,93.120003,98.830002,91.660004,97.120003,97.120003,5.67
1969-11-01,97.120003,99.230003,92.239998,93.809998,93.809998,5.93
1969-12-01,93.809998,94.470001,88.620003,92.059998,92.059998,6.20
1970-01-01,92.059998,94.250000,84.419998,85.019997,85.019997,6.18
1970-02-01,85.019997,90.330002,84.639999,89.500000,89.500000,6.15
1970-03-01,89.500000,91.070000,86.190002,89.629997,89.629997,5.82
1970-04-01,89.629997,90.699997,79.309998,81.519997,81.519997,6.06
1970-05-01,81.519997,82.320000,68.610001,76.550003,76.550003,6.04
1970-06-01,76.550003,79.959999,72.250000,72.720001,72.720001,6.01
1970-07-01,72.720001,79.029999,70.690002,78.050003,78.050003,5.98
1970-08-01,78.050003,82.470001,74.129997,81.519997,81.519997,5.41
1970-09-01,81.519997,84.989998,79.949997,84.300003,84.300003,5.66
1970-10-01,84.300003,87.750000,82.290001,83.250000,83.250000,5.63
1970-11-01,83.250000,87.599998,82.230003,87.199997,87.199997,5.60
1970-12-01,87.199997,92.989998,86.110001,92.150002,92.150002,5.57
1971-01-01,92.150002,96.489998,90.639999,95.879997,95.879997,5.29
1971-02-01,95.879997,99.589996,94.919998,96.750000,96.750000,5.00
1971-03-01,96.750000,102.029999,96.110001,100.309998,100.309998,4.71
1971-04-01,100.309998,105.599998,99.629997,103.949997,103.949997,4.16
1971-05-01,103.949997,104.419998,98.680000,99.629997,99.629997,4.40
1971-06-01,99.629997,102.070000,96.919998,98.699997,98.699997,4.64
1971-07-01,99.160004,101.519997,95.080002,95.580002,95.580002,4.36
1971-08-01,95.580002,101.510002,92.809998,99.029999,99.029999,4.62
1971-09-01,99.029999,102.250000,96.970001,98.339996,98.339996,4.08
1971-10-01,98.339996,100.959999,92.959999,94.230003,94.230003,3.81
1971-11-01,94.230003,96.080002,89.339996,93.989998,93.989998,3.28
1971-12-01,93.989998,102.209999,93.949997,102.089996,102.089996,3.27
1972-01-01,102.089996,105.000000,100.870003,103.940002,103.940002,3.27
1972-02-01,103.940002,107.160004,103.099998,106.570000,106.570000,3.51
1972-03-01,106.570000,109.750000,105.860001,107.199997,107.199997,3.50
1972-04-01,107.199997,111.110001,106.180000,107.669998,107.669998,3.49
1972-05-01,107.669998,111.480003,103.830002,109.529999,109.529999,3.23
1972-06-01,109.529999,110.510002,105.940002,107.139999,107.139999,2.71
1972-07-01,107.139999,110.269997,104.430000,107.389999,107.389999,2.95
1972-08-01,107.389999,113.449997,107.059998,111.089996,111.089996,2.94
1972-09-01,111.089996,112.120003,107.349998,110.550003,110.550003,3.19
1972-10-01,110.550003,112.260002,106.269997,111.580002,111.580002,3.42
1972-11-01,111.580002,117.910004,111.320000,116.669998,116.669998,3.67
1972-12-01,116.669998,119.790001,114.629997,118.050003,118.050003,3.41
1973-01-01,118.059998,121.739998,114.970001,116.029999,116.029999,3.65
1973-02-01,116.029999,118.980003,109.800003,111.680000,111.680000,3.87
1973-03-01,111.680000,115.610001,107.410004,111.519997,111.519997,4.59
1973-04-01,111.519997,113.650002,105.440002,106.970001,106.970001,5.06
1973-05-01,106.970001,112.250000,101.360001,104.949997,104.949997,5.53
1973-06-01,104.949997,109.519997,101.449997,104.260002,104.260002,6.00
1973-07-01,104.099998,111.040001,100.440002,108.220001,108.220001,5.73
1973-08-01,108.169998,108.169998,99.739998,104.250000,104.250000,7.38
1973-09-01,104.250000,110.449997,102.129997,108.430000,108.430000,7.36
1973-10-01,108.430000,112.820000,107.080002,108.290001,108.290001,7.80
1973-11-01,108.290001,109.199997,94.879997,95.959999,95.959999,8.25
1973-12-01,95.830002,99.089996,91.050003,97.550003,97.550003,8.71
1974-01-01,97.550003,100.940002,91.620003,96.570000,96.570000,9.39
1974-02-01,96.570000,97.430000,89.529999,96.220001,96.220001,10.02
1974-03-01,96.220001,101.050003,93.440002,93.980003,93.980003,10.39
1974-04-01,93.980003,95.419998,88.620003,90.309998,90.309998,10.09
1974-05-01,90.309998,93.589996,85.870003,87.279999,87.279999,10.71
1974-06-01,87.279999,93.760002,85.129997,86.000000,86.000000,10.86
1974-07-01,86.000000,86.889999,78.959999,79.309998,79.309998,11.51
1974-08-01,79.309998,83.529999,69.370003,72.150002,72.150002,10.86
1974-09-01,72.150002,73.010002,62.520000,63.540001,63.540001,11.95
1974-10-01,63.540001,75.900002,60.959999,73.900002,73.900002,12.06
1974-11-01,73.900002,77.410004,66.849998,69.970001,69.970001,12.20
1974-12-01,69.800003,69.800003,64.129997,68.559998,68.559998,12.34
1975-01-01,68.650002,78.690002,68.650002,76.980003,76.980003,11.80
1975-02-01,76.980003,83.559998,76.000000,81.589996,81.589996,11.23
1975-03-01,81.589996,87.080002,80.080002,83.360001,83.360001,10.25
1975-04-01,83.360001,88.790001,79.660004,87.300003,87.300003,10.21
1975-05-01,87.300003,93.510002,86.940002,91.150002,91.150002,9.47
1975-06-01,91.320000,95.849998,89.300003,95.190002,95.190002,9.39
1975-07-01,95.190002,96.580002,87.680000,88.750000,88.750000,9.72
1975-08-01,88.750000,89.040001,82.209999,86.879997,86.879997,8.60
1975-09-01,86.879997,87.419998,81.570000,83.870003,83.870003,7.91
1975-10-01,83.870003,91.750000,82.570000,89.040001,89.040001,7.44
1975-11-01,89.040001,92.330002,87.629997,91.239998,91.239998,7.38
1975-12-01,91.239998,91.900002,86.150002,90.190002,90.190002,6.94
1976-01-01,90.190002,101.989998,89.809998,100.860001,100.860001,6.72
1976-02-01,100.860001,103.070000,98.500000,99.709999,99.709999,6.29
1976-03-01,99.709999,104.389999,98.230003,102.769997,102.769997,6.07
1976-04-01,102.769997,104.629997,99.570000,101.639999,101.639999,6.05
1976-05-01,101.639999,103.989998,98.260002,100.180000,100.180000,6.20
1976-06-01,100.180000,105.070000,97.970001,104.279999,104.279999,5.97
1976-07-01,104.279999,106.779999,102.309998,103.440002,103.440002,5.35
1976-08-01,103.440002,105.410004,100.430000,102.910004,102.910004,5.71
1976-09-01,102.910004,108.720001,102.599998,105.239998,105.239998,5.49
1976-10-01,105.239998,105.750000,99.209999,102.900002,102.900002,5.46
1976-11-01,102.900002,103.779999,98.180000,102.099998,102.099998,4.88
1976-12-01,102.099998,107.820000,101.620003,107.459999,107.459999,4.86
1977-01-01,107.459999,107.970001,100.910004,102.029999,102.029999,5.22
1977-02-01,102.029999,103.320000,98.820000,99.820000,99.820000,5.91
1977-03-01,99.820000,102.699997,97.800003,98.419998,98.419998,6.44
1977-04-01,98.419998,102.070000,96.529999,98.440002,98.440002,6.95
1977-05-01,98.440002,100.930000,95.519997,96.120003,96.120003,6.73
1977-06-01,96.120003,101.650002,95.889999,100.480003,100.480003,6.87
1977-07-01,100.480003,102.570000,97.709999,98.849998,98.849998,6.83
1977-08-01,98.849998,99.839996,95.040001,96.769997,96.769997,6.62
1977-09-01,96.769997,98.430000,94.440002,96.529999,96.529999,6.60
1977-10-01,96.529999,97.269997,90.199997,92.339996,92.339996,6.39
1977-11-01,92.190002,97.110001,90.010002,94.830002,94.830002,6.72
1977-12-01,94.830002,95.669998,91.760002,95.099998,95.099998,6.70
1978-01-01,95.099998,95.150002,88.019997,89.250000,89.250000,6.84
1978-02-01,89.250000,91.320000,86.580002,87.040001,87.040001,6.43
1978-03-01,87.040001,91.349998,86.449997,89.209999,89.209999,6.55
1978-04-01,89.199997,97.910004,88.070000,96.830002,96.830002,6.50
1978-05-01,96.830002,100.320000,94.570000,97.239998,97.239998,6.97
1978-06-01,97.239998,101.839996,93.989998,95.529999,95.529999,7.41
1978-07-01,95.529999,101.180000,93.589996,100.680000,100.680000,7.70
1978-08-01,100.680000,106.269997,99.949997,103.290001,103.290001,7.84
1978-09-01,103.290001,108.050003,100.660004,102.540001,102.540001,8.31
1978-10-01,102.540001,106.230003,91.650002,93.150002,93.150002,8.93
1978-11-01,94.129997,97.410004,91.769997,94.699997,94.699997,8.89
1978-12-01,95.010002,98.580002,92.639999,96.110001,96.110001,9.02
1979-01-01,96.110001,102.589996,95.220001,99.930000,99.930000,9.28
1979-02-01,99.930000,100.519997,95.379997,96.279999,96.279999,9.86
1979-03-01,96.279999,103.309998,95.980003,101.589996,101.589996,10.09
1979-04-01,101.559998,103.949997,100.139999,101.760002,101.760002,10.49
1979-05-01,101.760002,102.570000,97.489998,99.080002,99.080002,10.85
1979-06-01,99.080002,103.669998,98.570000,102.910004,102.910004,10.89
1979-07-01,102.910004,105.169998,100.349998,103.809998,103.809998,11.26
1979-08-01,103.809998,109.839996,103.139999,109.320000,109.320000,11.82
1979-09-01,109.320000,111.580002,105.379997,109.320000,109.320000,12.18
1979-10-01,109.190002,112.160004,99.059998,101.820000,101.820000,12.07
1979-11-01,101.820000,107.889999,99.419998,106.160004,106.160004,12.61
1979-12-01,106.160004,110.330002,105.070000,107.940002,107.940002,13.29
1980-01-01,107.940002,117.169998,103.260002,114.160004,114.160004,13.91
1980-02-01,114.160004,120.220001,111.330002,113.660004,113.660004,14.18
1980-03-01,113.660004,114.339996,94.230003,102.089996,102.089996,14.76
1980-04-01,102.089996,106.790001,98.949997,106.290001,106.290001,14.73
1980-05-01,106.290001,112.720001,103.500000,111.239998,111.239998,14.41
1980-06-01,111.239998,117.980003,109.769997,114.239998,114.239998,14.38
1980-07-01,114.239998,123.930000,113.540001,121.669998,121.669998,13.13
1980-08-01,121.669998,127.779999,119.419998,122.379997,122.379997,12.87
1980-09-01,122.379997,132.169998,121.790001,125.459999,125.459999,12.60
1980-10-01,125.459999,135.880005,124.660004,127.470001,127.470001,12.77
1980-11-01,127.470001,141.960007,127.230003,140.520004,140.520004,12.65
1980-12-01,140.520004,140.660004,125.320000,135.759995,135.759995,12.52
1981-01-01,135.759995,140.320007,128.570007,129.550003,129.550003,11.83
1981-02-01,129.479996,132.020004,124.660004,131.270004,131.270004,11.41
1981-03-01,131.270004,138.380005,128.559998,136.000000,136.000000,10.49
1981-04-01,136.000000,137.720001,131.580002,132.809998,132.809998,10.00
1981-05-01,132.809998,134.919998,128.779999,132.589996,132.589996,9.78
1981-06-01,132.589996,135.669998,128.770004,131.210007,131.210007,9.55
1981-07-01,131.210007,131.779999,125.959999,130.919998,130.919998,10.76
1981-08-01,130.919998,135.179993,122.290001,122.790001,122.790001,10.80
1981-09-01,122.790001,124.580002,110.190002,116.180000,116.180000,10.95
1981-10-01,116.180000,123.279999,115.000000,121.889999,121.889999,10.14
1981-11-01,122.349998,126.970001,119.129997,126.349998,126.349998,9.59
1981-12-01,126.349998,127.320000,121.040001,122.550003,122.550003,8.92
1982-01-01,122.550003,123.720001,113.629997,120.400002,120.400002,8.39
1982-02-01,119.809998,119.809998,110.029999,113.110001,113.110001,7.62
1982-03-01,113.110001,114.800003,104.459999,111.959999,111.959999,6.78
1982-04-01,111.959999,119.330002,111.480003,116.440002,116.440002,6.51
1982-05-01,115.959999,119.919998,111.660004,111.879997,111.879997,6.68
1982-06-01,111.970001,112.480003,107.010002,109.610001,109.610001,7.06
1982-07-01,109.519997,112.389999,105.570000,107.089996,107.089996,6.44
1982-08-01,107.709999,120.260002,102.199997,119.510002,119.510002,5.85
1982-09-01,119.519997,126.430000,117.839996,120.419998,120.419998,5.04
1982-10-01,120.400002,140.399994,120.150002,133.720001,133.720001,5.14
1982-11-01,133.720001,144.360001,132.889999,138.529999,138.529999,4.59
1982-12-01,138.559998,143.679993,134.789993,140.639999,140.639999,3.83
1983-01-01,140.649994,148.360001,138.080002,145.300003,145.300003,3.71
1983-02-01,145.289993,150.880005,141.899994,148.059998,148.059998,3.49
1983-03-01,148.070007,155.020004,148.070007,152.960007,152.960007,3.60
1983-04-01,152.919998,164.429993,150.169998,164.429993,164.429993,3.90
1983-05-01,164.410004,166.990005,160.289993,162.389999,162.389999,3.55
1983-06-01,162.380005,171.600006,160.800003,167.639999,167.639999,2.58
1983-07-01,168.110001,170.720001,161.500000,162.559998,162.559998,2.46
1983-08-01,162.339996,165.910004,158.500000,164.399994,164.399994,2.56
1983-09-01,164.399994,170.410004,163.949997,166.070007,166.070007,2.86
1983-10-01,165.990005,172.649994,162.860001,163.550003,163.550003,2.85
1983-11-01,163.550003,168.070007,161.630005,166.399994,166.399994,3.27
1983-12-01,166.369995,166.770004,161.580002,164.929993,164.929993,3.79
1984-01-01,164.929993,169.539993,162.029999,163.410004,163.410004,4.19
1984-02-01,163.410004,164.000000,152.130005,157.059998,157.059998,4.60
1984-03-01,157.059998,160.460007,153.770004,159.179993,159.179993,4.80
1984-04-01,159.179993,160.690002,154.119995,160.050003,160.050003,4.56
1984-05-01,160.050003,162.110001,148.679993,150.550003,150.550003,4.23
1984-06-01,150.550003,155.639999,148.529999,153.179993,153.179993,4.22
1984-07-01,153.160004,153.869995,147.259995,150.660004,150.660004,4.20
1984-08-01,150.660004,168.800003,150.660004,166.679993,166.679993,4.29
1984-09-01,166.679993,169.649994,163.059998,166.100006,166.100006,4.27
1984-10-01,166.100006,169.619995,160.020004,166.089996,166.089996,4.26
1984-11-01,166.089996,170.410004,162.990005,163.580002,163.580002,4.05
1984-12-01,163.580002,169.029999,161.539993,167.240005,167.240005,3.95
1985-01-01,167.199997,180.270004,163.360001,179.630005,179.630005,3.53
1985-02-01,179.630005,183.949997,177.750000,181.179993,181.179993,3.52
1985-03-01,181.179993,183.889999,176.529999,180.660004,180.660004,3.70
1985-04-01,180.660004,183.610001,177.860001,179.830002,179.830002,3.69
1985-05-01,179.830002,189.979996,178.350006,189.550003,189.550003,3.77
1985-06-01,189.550003,191.850006,185.029999,191.850006,191.850006,3.76
1985-07-01,191.850006,196.070007,189.300003,190.919998,190.919998,3.55
1985-08-01,190.919998,192.169998,186.100006,188.630005,188.630005,3.35
1985-09-01,188.630005,188.800003,179.449997,182.080002,182.080002,3.14
1985-10-01,182.059998,190.149994,181.160004,189.820007,189.820007,3.23
1985-11-01,189.820007,203.399994,189.369995,202.169998,202.169998,3.51
1985-12-01,202.169998,213.080002,200.100006,211.279999,211.279999,3.80
1986-01-01,211.279999,214.570007,202.600006,211.779999,211.779999,3.89
1986-02-01,211.779999,227.919998,210.820007,226.919998,226.919998,3.11
1986-03-01,226.919998,240.110001,222.179993,238.899994,238.899994,2.26
1986-04-01,238.899994,245.470001,226.300003,235.520004,235.520004,1.59
1986-05-01,235.520004,249.190002,232.259995,247.350006,247.350006,1.49
1986-06-01,246.039993,251.809998,238.229996,250.839996,250.839996,1.77
1986-07-01,250.669998,253.199997,233.070007,236.119995,236.119995,1.58
1986-08-01,236.119995,254.240005,231.919998,252.929993,252.929993,1.57
1986-09-01,252.929993,254.130005,228.080002,231.320007,231.320007,1.75
1986-10-01,231.320007,244.509995,231.320007,243.979996,243.979996,1.47
1986-11-01,243.970001,249.220001,235.509995,249.220001,249.220001,1.28
1986-12-01,249.220001,254.869995,241.279999,242.169998,242.169998,1.10
1987-01-01,242.169998,280.959991,242.169998,274.079987,274.079987,1.46
1987-02-01,274.079987,287.549988,273.160004,284.200012,284.200012,2.10
1987-03-01,284.170013,302.720001,282.299988,291.700012,291.700012,3.03
1987-04-01,291.589996,303.649994,275.670013,288.359985,288.359985,3.78
1987-05-01,286.989990,298.690002,277.010010,290.100006,290.100006,3.86
1987-06-01,290.119995,310.269989,286.929993,304.000000,304.000000,3.65
1987-07-01,303.989990,318.850006,302.529999,318.660004,318.660004,3.93
1987-08-01,318.619995,337.890015,314.510010,329.799988,329.799988,4.28
1987-09-01,329.809998,332.179993,308.559998,321.829987,321.829987,4.36
1987-10-01,321.829987,328.940002,216.460007,251.789993,251.789993,4.53
1987-11-01,251.729996,257.209991,225.750000,230.300003,230.300003,4.53
1987-12-01,230.320007,253.350006,221.240005,247.080002,247.080002,4.43
1988-01-01,247.100006,261.779999,240.169998,257.070007,257.070007,4.05
1988-02-01,257.049988,267.820007,247.820007,267.820007,267.820007,3.94
1988-03-01,267.820007,272.640015,256.070007,258.890015,258.890015,3.93
1988-04-01,258.890015,272.049988,254.710007,261.329987,261.329987,3.90
1988-05-01,261.359985,263.700012,248.850006,262.160004,262.160004,3.89
1988-06-01,262.160004,276.880005,262.100006,273.500000,273.500000,3.96
1988-07-01,273.500000,276.359985,262.480011,272.019989,272.019989,4.13
1988-08-01,272.029999,274.200012,256.529999,261.519989,261.519989,4.02
1988-09-01,261.519989,274.869995,256.980011,271.910004,271.910004,4.17
1988-10-01,271.890015,283.950012,268.839996,278.970001,278.970001,4.25
1988-11-01,278.970001,280.369995,262.850006,273.700012,273.700012,4.25
1988-12-01,273.679993,280.450012,270.470001,277.720001,277.720001,4.42
1989-01-01,277.720001,297.510010,273.809998,297.470001,297.470001,4.67
1989-02-01,297.470001,300.570007,286.260010,288.859985,288.859985,4.83
1989-03-01,288.859985,299.989990,286.459991,294.869995,294.869995,4.98
1989-04-01,294.869995,310.450012,294.350006,309.640015,309.640015,5.12
1989-05-01,309.640015,323.059998,304.059998,320.519989,320.519989,5.36
1989-06-01,320.510010,329.190002,314.380005,317.980011,317.980011,5.17
1989-07-01,317.980011,346.079987,317.260010,346.079987,346.079987,4.98
1989-08-01,346.079987,352.730011,339.000000,351.450012,351.450012,4.71
1989-09-01,351.450012,354.130005,341.369995,349.149994,349.149994,4.34
1989-10-01,349.149994,360.440002,327.119995,340.359985,340.359985,4.49
1989-11-01,340.359985,346.500000,330.910004,345.989990,345.989990,4.66
1989-12-01,346.010010,354.100006,339.630005,353.399994,353.399994,4.65
1990-01-01,353.399994,360.589996,319.829987,329.079987,329.079987,5.20
1990-02-01,329.079987,336.089996,322.100006,331.890015,331.890015,5.26
1990-03-01,331.890015,344.489990,331.079987,339.940002,339.940002,5.23
1990-04-01,339.940002,347.299988,327.760010,330.799988,330.799988,4.71
1990-05-01,330.799988,362.260010,330.799988,361.230011,361.230011,4.36
1990-06-01,361.260010,368.779999,351.230011,358.019989,358.019989,4.67
1990-07-01,358.019989,369.779999,350.089996,356.149994,356.149994,4.82
1990-08-01,356.149994,357.350006,306.179993,322.559998,322.559998,5.62
1990-09-01,322.559998,326.529999,295.980011,306.049988,306.049988,6.16
1990-10-01,306.100006,319.690002,294.510010,304.000000,304.000000,6.29
1990-11-01,303.989990,323.019989,301.609985,322.220001,322.220001,6.27
1990-12-01,322.230011,333.980011,321.970001,330.220001,330.220001,6.11
1991-01-01,330.200012,343.929993,309.350006,343.929993,343.929993,5.65
1991-02-01,343.910004,370.959991,340.369995,367.070007,367.070007,5.31
1991-03-01,367.070007,379.660004,363.730011,375.220001,375.220001,4.90
1991-04-01,375.220001,391.260010,370.269989,375.339996,375.339996,4.89
1991-05-01,375.350006,389.850006,365.829987,389.829987,389.829987,4.95
1991-06-01,389.809998,389.809998,367.980011,371.160004,371.160004,4.70
1991-07-01,371.179993,387.809998,370.920013,387.809998,387.809998,4.45
1991-08-01,387.809998,396.820007,374.089996,395.429993,395.429993,3.80
1991-09-01,395.429993,397.619995,382.769989,387.859985,387.859985,3.39
1991-10-01,387.859985,393.809998,376.109985,392.450012,392.450012,2.92
1991-11-01,392.459991,398.220001,371.630005,375.220001,375.220001,2.99
1991-12-01,375.109985,418.320007,371.359985,417.089996,417.089996,3.06
1992-01-01,417.029999,421.179993,408.640015,408.779999,408.779999,2.60
1992-02-01,408.790009,418.079987,406.339996,412.700012,412.700012,2.82
1992-03-01,412.679993,413.779999,401.940002,403.690002,403.690002,3.19
1992-04-01,403.670013,416.279999,392.410004,414.950012,414.950012,3.18
1992-05-01,414.950012,418.750000,409.850006,415.350006,415.350006,3.02
1992-06-01,415.350006,417.299988,399.920013,408.140015,408.140015,3.09
1992-07-01,408.200012,424.799988,407.200012,424.209991,424.209991,3.16
1992-08-01,424.190002,425.140015,408.299988,414.029999,414.029999,3.15
1992-09-01,414.029999,425.269989,412.709991,417.799988,417.799988,2.99
1992-10-01,417.799988,421.160004,396.799988,418.679993,418.679993,3.20
1992-11-01,418.660004,431.929993,415.579987,431.350006,431.350006,3.05
1992-12-01,431.350006,442.649994,428.609985,435.709991,435.709991,2.90
1993-01-01,435.700012,442.660004,426.880005,438.779999,438.779999,3.26
1993-02-01,438.779999,450.040009,428.250000,443.380005,443.380005,3.25
1993-03-01,443.380005,456.760010,441.070007,451.670013,451.670013,3.09
1993-04-01,451.670013,452.630005,432.299988,440.190002,440.190002,3.23
1993-05-01,440.190002,454.549988,436.859985,450.190002,450.190002,3.22
1993-06-01,450.230011,455.630005,442.500000,450.529999,450.529999,3.00
1993-07-01,450.540009,451.149994,441.399994,448.130005,448.130005,2.78
1993-08-01,448.130005,463.559998,446.940002,463.559998,463.559998,2.77
1993-09-01,463.549988,463.799988,449.640015,458.929993,458.929993,2.69
1993-10-01,458.929993,471.100006,456.399994,467.829987,467.829987,2.75
1993-11-01,467.829987,469.109985,454.359985,461.790009,461.790009,2.68
1993-12-01,461.929993,471.290009,461.450012,466.450012,466.450012,2.75
1994-01-01,466.510010,482.850006,464.359985,481.609985,481.609985,2.52
1994-02-01,481.600006,482.230011,464.260010,467.140015,467.140015,2.52
1994-03-01,467.190002,471.089996,436.160004,445.769989,445.769989,2.51
1994-04-01,445.660004,452.790009,435.859985,450.910004,450.910004,2.36
1994-05-01,450.910004,457.769989,440.779999,456.500000,456.500000,2.29
1994-06-01,456.500000,463.230011,439.829987,444.269989,444.269989,2.49
1994-07-01,444.269989,459.329987,443.579987,458.260010,458.260010,2.77
1994-08-01,458.279999,477.589996,456.079987,475.489990,475.489990,2.90
1994-09-01,475.489990,475.489990,458.470001,462.709991,462.709991,2.96
1994-10-01,462.690002,474.739990,449.269989,472.350006,472.350006,2.61
1994-11-01,472.260010,472.260010,444.179993,453.690002,453.690002,2.67
1994-12-01,453.549988,462.730011,442.880005,459.269989,459.269989,2.67
1995-01-01,459.209991,471.359985,457.200012,470.420013,470.420013,2.80
1995-02-01,470.420013,489.190002,469.290009,487.390015,487.390015,2.86
1995-03-01,487.390015,508.149994,479.700012,500.709991,500.709991,2.85
1995-04-01,500.700012,515.289978,500.200012,514.710022,514.710022,3.05
1995-05-01,514.760010,533.409973,513.030029,533.400024,533.400024,3.19
1995-06-01,533.400024,551.070007,526.000000,544.750000,544.750000,3.04
1995-07-01,544.750000,565.400024,542.510010,562.059998,562.059998,2.76
1995-08-01,562.059998,565.619995,553.039978,561.880005,561.880005,2.62
1995-09-01,561.880005,587.609985,561.010010,584.409973,584.409973,2.54
1995-10-01,584.409973,590.659973,571.549988,581.500000,581.500000,2.81
1995-11-01,581.500000,608.690002,581.039978,605.369995,605.369995,2.61
1995-12-01,605.369995,622.880005,605.049988,615.929993,615.929993,2.54
1996-01-01,615.929993,636.179993,597.289978,636.020020,636.020020,2.73
1996-02-01,636.020020,664.229980,633.710022,640.429993,640.429993,2.65
1996-03-01,640.429993,656.969971,627.630005,645.500000,645.500000,2.84
1996-04-01,645.500000,656.679993,624.140015,654.169983,654.169983,2.90
1996-05-01,654.169983,681.099976,630.070007,669.119995,669.119995,2.89
1996-06-01,669.119995,680.320007,658.750000,670.630005,670.630005,2.75
1996-07-01,670.630005,675.880005,605.880005,639.950012,639.950012,2.95
1996-08-01,639.950012,670.679993,639.489990,651.989990,651.989990,2.88
1996-09-01,651.989990,690.880005,643.969971,687.330017,687.330017,3.00
1996-10-01,687.309998,714.099976,684.440002,705.270020,705.270020,2.99
1996-11-01,705.270020,762.119995,701.299988,757.020020,757.020020,3.26
1996-12-01,757.020020,761.750000,716.690002,740.739990,740.739990,3.32
1997-01-01,740.739990,794.669983,729.549988,786.159973,786.159973,3.04
1997-02-01,786.159973,817.679993,773.429993,790.820007,790.820007,3.03
1997-03-01,790.820007,814.900024,756.130005,757.119995,757.119995,2.76
1997-04-01,757.119995,804.130005,733.539978,801.340027,801.340027,2.50
1997-05-01,801.340027,851.869995,793.210022,848.280029,848.280029,2.23
1997-06-01,848.280029,902.090027,838.820007,885.140015,885.140015,2.30
1997-07-01,885.140015,957.729980,884.539978,954.309998,954.309998,2.23
1997-08-01,954.289978,964.169983,893.340027,899.469971,899.469971,2.23
1997-09-01,899.469971,960.590027,899.469971,947.280029,947.280029,2.15
1997-10-01,947.280029,983.119995,855.270020,914.619995,914.619995,2.08
1997-11-01,914.619995,964.549988,900.609985,955.400024,955.400024,1.83
1997-12-01,955.400024,986.250000,924.919983,970.429993,970.429993,1.70
1998-01-01,970.429993,992.650024,912.830017,980.280029,980.280029,1.57
1998-02-01,980.280029,1051.660034,980.280029,1049.339966,1049.339966,1.44
1998-03-01,1049.339966,1113.069946,1030.869995,1101.750000,1101.750000,1.37
1998-04-01,1101.750000,1132.979980,1076.699951,1111.750000,1111.750000,1.44
1998-05-01,1111.750000,1130.520020,1074.390015,1090.819946,1090.819946,1.69
1998-06-01,1090.819946,1145.150024,1074.670044,1133.839966,1133.839966,1.68
1998-07-01,1133.839966,1190.579956,1114.300049,1120.670044,1120.670044,1.68
1998-08-01,1120.670044,1121.790039,957.280029,957.280029,957.280029,1.62
1998-09-01,957.280029,1066.109985,939.979980,1017.010010,1017.010010,1.49
1998-10-01,1017.010010,1103.780029,923.320007,1098.670044,1098.670044,1.49
1998-11-01,1098.670044,1192.969971,1098.670044,1163.630005,1163.630005,1.55
1998-12-01,1163.630005,1244.930054,1136.890015,1229.229980,1229.229980,1.61
1999-01-01,1229.229980,1280.369995,1205.459961,1279.640015,1279.640015,1.67
1999-02-01,1279.640015,1283.839966,1211.890015,1238.329956,1238.329956,1.61
1999-03-01,1238.329956,1323.819946,1216.030029,1286.369995,1286.369995,1.73
1999-04-01,1286.369995,1371.560059,1282.560059,1335.180054,1335.180054,2.28
1999-05-01,1335.180054,1375.979980,1277.310059,1301.839966,1301.839966,2.09
1999-06-01,1301.839966,1372.930054,1277.469971,1372.709961,1372.709961,1.96
1999-07-01,1372.709961,1420.329956,1328.489990,1328.719971,1328.719971,2.14
1999-08-01,1328.719971,1382.839966,1267.729980,1320.410034,1320.410034,2.26
1999-09-01,1320.410034,1361.390015,1256.260010,1282.709961,1282.709961,2.63
1999-10-01,1282.709961,1373.170044,1233.699951,1362.930054,1362.930054,2.56
1999-11-01,1362.930054,1425.310059,1346.410034,1388.910034,1388.910034,2.62
1999-12-01,1388.910034,1473.099976,1387.380005,1469.250000,1469.250000,2.68
2000-01-01,1469.250000,1478.000000,1350.140015,1394.459961,1394.459961,2.74
2000-02-01,1394.459961,1444.550049,1325.069946,1366.420044,1366.420044,3.22
2000-03-01,1366.420044,1552.869995,1346.619995,1498.579956,1498.579956,3.76
2000-04-01,1498.579956,1527.189941,1339.400024,1452.430054,1452.430054,3.07
2000-05-01,1452.430054,1481.510010,1361.089966,1420.599976,1420.599976,3.19
2000-06-01,1420.599976,1488.930054,1420.599976,1454.599976,1454.599976,3.73
2000-07-01,1454.599976,1517.319946,1413.890015,1430.829956,1430.829956,3.66
2000-08-01,1430.829956,1525.209961,1425.430054,1517.680054,1517.680054,3.41
2000-09-01,1517.680054,1530.089966,1419.439941,1436.510010,1436.510010,3.45
2000-10-01,1436.520020,1454.819946,1305.790039,1429.400024,1429.400024,3.45
2000-11-01,1429.400024,1438.459961,1294.900024,1314.949951,1314.949951,3.45
2000-12-01,1314.949951,1389.050049,1254.069946,1320.280029,1320.280029,3.39
2001-01-01,1320.280029,1383.369995,1274.619995,1366.010010,1366.010010,3.73
2001-02-01,1366.010010,1376.380005,1215.439941,1239.939941,1239.939941,3.53
2001-03-01,1239.939941,1267.420044,1081.189941,1160.329956,1160.329956,2.92
2001-04-01,1160.329956,1269.300049,1091.989990,1249.459961,1249.459961,3.27
2001-05-01,1249.459961,1315.930054,1232.000000,1255.819946,1255.819946,3.62
2001-06-01,1255.819946,1286.619995,1203.030029,1224.380005,1224.380005,3.25
2001-07-01,1224.420044,1239.780029,1165.540039,1211.229980,1211.229980,2.72
2001-08-01,1211.229980,1226.270020,1124.869995,1133.579956,1133.579956,2.72
2001-09-01,1133.579956,1155.400024,944.750000,1040.939941,1040.939941,2.65
2001-10-01,1040.939941,1110.609985,1026.760010,1059.780029,1059.780029,2.13
2001-11-01,1059.780029,1163.380005,1054.310059,1139.449951,1139.449951,1.90
2001-12-01,1139.449951,1173.619995,1114.530029,1148.079956,1148.079956,1.55
2002-01-01,1148.079956,1176.969971,1081.660034,1130.199951,1130.199951,1.14
2002-02-01,1130.199951,1130.199951,1074.359985,1106.729980,1106.729980,1.14
2002-03-01,1106.729980,1173.939941,1106.729980,1147.390015,1147.390015,1.48
2002-04-01,1147.390015,1147.839966,1063.459961,1076.920044,1076.920044,1.64
2002-05-01,1076.920044,1106.589966,1048.959961,1067.140015,1067.140015,1.18
2002-06-01,1067.140015,1070.739990,952.919983,989.820007,989.820007,1.07
2002-07-01,989.820007,994.460022,775.679993,911.619995,911.619995,1.46
2002-08-01,911.619995,965.000000,833.440002,916.070007,916.070007,1.80
2002-09-01,916.070007,924.020020,800.200012,815.280029,815.280029,1.51
2002-10-01,815.280029,907.440002,768.630005,885.760010,885.760010,2.03
2002-11-01,885.760010,941.820007,872.049988,936.309998,936.309998,2.20
2002-12-01,936.309998,954.280029,869.450012,879.820007,879.820007,2.38
2003-01-01,879.820007,935.049988,840.340027,855.700012,855.700012,2.60
2003-02-01,855.700012,864.640015,806.289978,841.150024,841.150024,2.98
2003-03-01,841.150024,895.900024,788.900024,848.179993,848.179993,3.02
2003-04-01,848.179993,924.239990,847.849976,916.919983,916.919983,2.22
2003-05-01,916.919983,965.380005,902.830017,963.590027,963.590027,2.06
2003-06-01,963.590027,1015.330017,963.590027,974.500000,974.500000,2.11
2003-07-01,974.500000,1015.409973,962.099976,990.309998,990.309998,2.11
2003-08-01,990.309998,1011.010010,960.840027,1008.010010,1008.010010,2.16
2003-09-01,1008.010010,1040.290039,990.359985,995.969971,995.969971,2.32
2003-10-01,995.969971,1053.790039,995.969971,1050.709961,1050.709961,2.04
2003-11-01,1050.709961,1063.650024,1031.199951,1058.199951,1058.199951,1.77
2003-12-01,1058.199951,1112.560059,1053.410034,1111.920044,1111.920044,1.88
2004-01-01,1111.920044,1155.380005,1105.079956,1131.130005,1131.130005,1.93
2004-02-01,1131.130005,1158.979980,1124.439941,1144.939941,1144.939941,1.69
2004-03-01,1144.939941,1163.229980,1087.160034,1126.209961,1126.209961,1.74
2004-04-01,1126.209961,1150.569946,1107.229980,1107.300049,1107.300049,2.29
2004-05-01,1107.300049,1127.739990,1076.319946,1120.680054,1120.680054,3.05
2004-06-01,1120.680054,1146.339966,1113.319946,1140.839966,1140.839966,3.27
2004-07-01,1140.839966,1140.839966,1078.780029,1101.719971,1101.719971,2.99
2004-08-01,1101.719971,1109.680054,1060.719971,1104.239990,1104.239990,2.65
2004-09-01,1104.239990,1131.540039,1099.180054,1114.579956,1114.579956,2.54
2004-10-01,1114.579956,1142.050049,1090.290039,1130.199951,1130.199951,3.19
2004-11-01,1130.199951,1188.459961,1127.599976,1173.819946,1173.819946,3.52
2004-12-01,1173.780029,1217.329956,1173.780029,1211.920044,1211.920044,3.26
2005-01-01,1211.920044,1217.800049,1163.750000,1181.270020,1181.270020,2.97
2005-02-01,1181.270020,1212.439941,1180.949951,1203.599976,1203.599976,3.01
2005-03-01,1203.599976,1229.109985,1163.689941,1180.589966,1180.589966,3.15
2005-04-01,1180.589966,1191.880005,1136.150024,1156.849976,1156.849976,3.51
2005-05-01,1156.849976,1199.560059,1146.180054,1191.500000,1191.500000,2.80
2005-06-01,1191.500000,1219.589966,1188.300049,1191.329956,1191.329956,2.53
2005-07-01,1191.329956,1245.150024,1183.550049,1234.180054,1234.180054,3.17
2005-08-01,1234.180054,1245.859985,1201.069946,1220.329956,1220.329956,3.64
2005-09-01,1220.329956,1243.130005,1205.349976,1228.810059,1228.810059,4.69
2005-10-01,1228.810059,1233.339966,1168.199951,1207.010010,1207.010010,4.35
2005-11-01,1207.010010,1270.640015,1201.069946,1249.479980,1249.479980,3.46
2005-12-01,1249.479980,1275.800049,1246.589966,1248.290039,1248.290039,3.42
2006-01-01,1248.290039,1294.900024,1245.739990,1280.079956,1280.079956,3.99
2006-02-01,1280.079956,1297.569946,1253.609985,1280.660034,1280.660034,3.60
2006-03-01,1280.660034,1310.880005,1268.420044,1294.869995,1294.869995,3.36
2006-04-01,1302.880005,1318.160034,1280.739990,1310.609985,1310.609985,3.55
2006-05-01,1310.609985,1326.699951,1245.339966,1270.089966,1270.089966,4.17
2006-06-01,1270.050049,1290.680054,1219.290039,1270.199951,1270.199951,4.32
2006-07-01,1270.060059,1280.420044,1224.540039,1276.660034,1276.660034,4.15
2006-08-01,1278.530029,1306.739990,1261.300049,1303.819946,1303.819946,3.82
2006-09-01,1303.800049,1340.280029,1290.930054,1335.849976,1335.849976,2.06
2006-10-01,1335.819946,1389.449951,1327.099976,1377.939941,1377.939941,1.31
2006-11-01,1377.760010,1407.890015,1360.979980,1400.630005,1400.630005,1.97
2006-12-01,1400.630005,1431.810059,1385.930054,1418.300049,1418.300049,2.54
2007-01-01,1418.030029,1441.609985,1403.969971,1438.239990,1438.239990,2.08
2007-02-01,1437.900024,1461.569946,1389.420044,1406.819946,1406.819946,2.42
2007-03-01,1406.800049,1438.890015,1363.979980,1420.859985,1420.859985,2.78
2007-04-01,1420.829956,1498.020020,1416.369995,1482.369995,1482.369995,2.57
2007-05-01,1482.369995,1535.560059,1476.699951,1530.619995,1530.619995,2.69
2007-06-01,1530.619995,1540.560059,1484.180054,1503.349976,1503.349976,2.69
2007-07-01,1504.660034,1555.900024,1454.250000,1455.270020,1455.270020,2.36
2007-08-01,1455.180054,1503.890015,1370.599976,1473.989990,1473.989990,1.97
2007-09-01,1473.959961,1538.739990,1439.290039,1526.750000,1526.750000,2.76
2007-10-01,1527.290039,1576.089966,1489.560059,1549.380005,1549.380005,3.54
2007-11-01,1545.790039,1545.790039,1406.099976,1481.140015,1481.140015,4.31
2007-12-01,1479.630005,1523.569946,1435.650024,1468.359985,1468.359985,4.08
2008-01-01,1467.969971,1471.770020,1270.050049,1378.550049,1378.550049,4.28
2008-02-01,1378.599976,1396.020020,1316.750000,1330.630005,1330.630005,4.03
2008-03-01,1330.449951,1359.680054,1256.979980,1322.699951,1322.699951,3.98
2008-04-01,1326.410034,1404.569946,1324.349976,1385.589966,1385.589966,3.94
2008-05-01,1385.969971,1440.239990,1373.069946,1400.380005,1400.380005,4.18
2008-06-01,1399.619995,1404.050049,1272.000000,1280.000000,1280.000000,5.02
2008-07-01,1276.689941,1292.170044,1200.439941,1267.380005,1267.380005,5.60
2008-08-01,1269.420044,1313.150024,1247.449951,1282.829956,1282.829956,5.37
2008-09-01,1287.829956,1303.040039,1106.420044,1166.359985,1166.359985,4.94
2008-10-01,1164.170044,1167.030029,839.799988,968.750000,968.750000,3.66
2008-11-01,968.669983,1007.510010,741.020020,896.239990,896.239990,1.07
2008-12-01,888.609985,918.849976,815.690002,903.250000,903.250000,0.09
2009-01-01,902.989990,943.849976,804.299988,825.880005,825.880005,0.03
2009-02-01,823.090027,875.010010,734.520020,735.090027,735.090027,0.24
2009-03-01,729.570007,832.979980,666.789978,797.869995,797.869995,-0.38
2009-04-01,793.590027,888.700012,783.320007,872.809998,872.809998,-0.74
2009-05-01,872.739990,930.169983,866.099976,919.140015,919.140015,-1.28
2009-06-01,923.260010,956.229980,888.859985,919.320007,919.320007,-1.43
2009-07-01,920.820007,996.679993,869.320007,987.479980,987.479980,-2.10
2009-08-01,990.219971,1039.469971,978.510010,1020.619995,1020.619995,-1.48
2009-09-01,1019.520020,1080.150024,991.969971,1057.079956,1057.079956,-1.29
2009-10-01,1054.910034,1101.359985,1019.950012,1036.189941,1036.189941,-0.18
2009-11-01,1036.180054,1113.689941,1029.380005,1095.630005,1095.630005,1.84
2009-12-01,1098.890015,1130.380005,1085.890015,1115.099976,1115.099976,2.72
2010-01-01,1116.560059,1150.449951,1071.589966,1073.869995,1073.869995,2.63
2010-02-01,1073.890015,1112.420044,1044.500000,1104.489990,1104.489990,2.14
2010-03-01,1105.359985,1180.689941,1105.359985,1169.430054,1169.430054,2.31
2010-04-01,1171.229980,1219.800049,1170.689941,1186.689941,1186.689941,2.24
2010-05-01,1188.579956,1205.130005,1040.780029,1089.410034,1089.410034,2.02
2010-06-01,1087.300049,1131.229980,1028.329956,1030.709961,1030.709961,1.05
2010-07-01,1031.099976,1120.949951,1010.909973,1101.599976,1101.599976,1.24
2010-08-01,1107.530029,1129.239990,1039.699951,1049.329956,1049.329956,1.15
2010-09-01,1049.719971,1157.160034,1049.719971,1141.199951,1141.199951,1.14
2010-10-01,1143.489990,1196.140015,1131.869995,1183.260010,1183.260010,1.17
2010-11-01,1185.709961,1227.079956,1173.000000,1180.550049,1180.550049,1.14
2010-12-01,1186.599976,1262.599976,1186.599976,1257.640015,1257.640015,1.50
2011-01-01,1257.619995,1302.670044,1257.619995,1286.119995,1286.119995,1.63
2011-02-01,1289.140015,1344.069946,1289.140015,1327.219971,1327.219971,2.11
2011-03-01,1328.640015,1332.280029,1249.050049,1325.829956,1325.829956,2.68
2011-04-01,1329.479980,1364.560059,1294.699951,1363.609985,1363.609985,3.16
2011-05-01,1365.209961,1370.579956,1311.800049,1345.199951,1345.199951,3.57
2011-06-01,1345.199951,1345.199951,1258.069946,1320.640015,1320.640015,3.56
2011-07-01,1320.640015,1356.479980,1282.859985,1292.280029,1292.280029,3.63
2011-08-01,1292.589966,1307.380005,1101.540039,1218.890015,1218.890015,3.77
2011-09-01,1219.119995,1229.290039,1114.219971,1131.420044,1131.420044,3.87
2011-10-01,1131.209961,1292.660034,1074.770020,1253.300049,1253.300049,3.53
2011-11-01,1251.000000,1277.550049,1158.660034,1246.959961,1246.959961,3.39
2011-12-01,1246.910034,1269.369995,1202.369995,1257.599976,1257.599976,2.96
2012-01-01,1258.859985,1333.469971,1258.859985,1312.410034,1312.410034,2.93
2012-02-01,1312.449951,1378.040039,1312.449951,1365.680054,1365.680054,2.87
2012-03-01,1365.900024,1419.150024,1340.030029,1408.469971,1408.469971,2.65
2012-04-01,1408.469971,1422.380005,1357.380005,1397.910034,1397.910034,2.30
2012-05-01,1397.859985,1415.319946,1291.979980,1310.329956,1310.329956,1.70
2012-06-01,1309.869995,1363.459961,1266.739990,1362.160034,1362.160034,1.66
2012-07-01,1362.329956,1391.739990,1325.410034,1379.319946,1379.319946,1.41
2012-08-01,1379.319946,1426.680054,1354.650024,1406.579956,1406.579956,1.69
2012-09-01,1406.540039,1474.510010,1396.560059,1440.670044,1440.670044,1.99
2012-10-01,1440.900024,1470.959961,1403.280029,1412.160034,1412.160034,2.16
2012-11-01,1412.199951,1434.270020,1343.349976,1416.180054,1416.180054,1.76
2012-12-01,1416.339966,1448.000000,1398.109985,1426.189941,1426.189941,1.74
2013-01-01,1426.189941,1509.939941,1426.189941,1498.109985,1498.109985,1.59
2013-02-01,1498.109985,1530.939941,1485.010010,1514.680054,1514.680054,1.98
2013-03-01,1514.680054,1570.280029,1501.479980,1569.189941,1569.189941,1.47
2013-04-01,1569.180054,1597.569946,1536.030029,1597.569946,1597.569946,1.06
2013-05-01,1597.550049,1687.180054,1581.280029,1630.739990,1630.739990,1.36
2013-06-01,1631.709961,1654.189941,1560.329956,1606.280029,1606.280029,1.75
2013-07-01,1609.780029,1698.780029,1604.569946,1685.729980,1685.729980,1.96
2013-08-01,1689.420044,1709.670044,1627.469971,1632.969971,1632.969971,1.52
2013-09-01,1635.949951,1729.859985,1633.410034,1681.550049,1681.550049,1.18
2013-10-01,1682.410034,1775.219971,1646.469971,1756.540039,1756.540039,0.96
2013-11-01,1758.699951,1813.550049,1746.199951,1805.810059,1805.810059,1.24
2013-12-01,1806.550049,1849.439941,1767.989990,1848.359985,1848.359985,1.50
2014-01-01,1845.859985,1850.839966,1770.449951,1782.589966,1782.589966,1.58
2014-02-01,1782.680054,1867.920044,1737.920044,1859.449951,1859.449951,1.13
2014-03-01,1857.680054,1883.969971,1834.439941,1872.339966,1872.339966,1.51
2014-04-01,1873.959961,1897.280029,1814.359985,1883.949951,1883.949951,1.95
2014-05-01,1884.390015,1924.030029,1859.790039,1923.569946,1923.569946,2.13
2014-06-01,1923.869995,1968.170044,1915.979980,1960.229980,1960.229980,2.07
2014-07-01,1962.290039,1991.390015,1930.670044,1930.670044,1930.670044,1.99
2014-08-01,1929.800049,2005.040039,1904.780029,2003.369995,2003.369995,1.70
2014-09-01,2004.069946,2019.260010,1964.040039,1972.290039,1972.290039,1.66
2014-10-01,1971.439941,2018.189941,1820.660034,2018.050049,2018.050049,1.66
2014-11-01,2018.209961,2075.760010,2001.010010,2067.560059,2067.560059,1.32
2014-12-01,2065.780029,2093.550049,1972.560059,2058.899902,2058.899902,0.76
2015-01-01,2058.899902,2072.360107,1988.119995,1994.989990,1994.989990,-0.09
2015-02-01,1996.670044,2119.590088,1980.900024,2104.500000,2104.500000,-0.03
2015-03-01,2105.229980,2117.520020,2039.689941,2067.889893,2067.889893,-0.07
2015-04-01,2067.629883,2125.919922,2048.379883,2085.510010,2085.510010,-0.20
2015-05-01,2087.379883,2134.719971,2067.929932,2107.389893,2107.389893,-0.04
2015-06-01,2108.639893,2129.870117,2056.320068,2063.110107,2063.110107,0.12
2015-07-01,2067.000000,2132.820068,2044.020020,2103.840088,2103.840088,0.17
2015-08-01,2104.489990,2112.659912,1867.010010,1972.180054,1972.180054,0.20
2015-09-01,1970.089966,2020.859985,1871.910034,1920.030029,1920.030029,-0.04
2015-10-01,1919.650024,2094.320068,1893.699951,2079.360107,2079.360107,0.17
2015-11-01,2080.760010,2116.479980,2019.390015,2080.409912,2080.409912,0.50
2015-12-01,2082.929932,2104.270020,1993.260010,2043.939941,2043.939941,0.73
2016-01-01,2038.199951,2038.199951,1812.290039,1940.239990,1940.239990,1.37
2016-02-01,1936.939941,1962.959961,1810.099976,1932.229980,1932.229980,1.02
2016-03-01,1937.089966,2072.209961,1937.089966,2059.739990,2059.739990,0.85
2016-04-01,2056.620117,2111.050049,2033.800049,2065.300049,2065.300049,1.13
2016-05-01,2067.169922,2103.479980,2025.910034,2096.949951,2096.949951,1.02
2016-06-01,2093.939941,2120.550049,1991.680054,2098.860107,2098.860107,1.00
2016-07-01,2099.340088,2177.090088,2074.020020,2173.600098,2173.600098,0.83
2016-08-01,2173.149902,2193.810059,2147.580078,2170.949951,2170.949951,1.06
2016-09-01,2171.330078,2187.870117,2119.120117,2168.270020,2168.270020,1.46
2016-10-01,2164.330078,2169.600098,2114.719971,2126.149902,2126.149902,1.64
2016-11-01,2128.679932,2214.100098,2083.790039,2198.810059,2198.810059,1.69
2016-12-01,2200.169922,2277.530029,2187.439941,2238.830078,2238.830078,2.07
2017-01-01,2251.570068,2300.989990,2245.129883,2278.870117,2278.870117,2.50
2017-02-01,2285.590088,2371.540039,2271.649902,2363.639893,2363.639893,2.74
2017-03-01,2380.129883,2400.979980,2322.250000,2362.719971,2362.719971,2.38
2017-04-01,2362.340088,2398.159912,2328.949951,2384.199951,2384.199951,2.20
2017-05-01,2388.500000,2418.709961,2352.719971,2411.800049,2411.800049,1.87
2017-06-01,2415.649902,2453.820068,2405.699951,2423.409912,2423.409912,1.63
2017-07-01,2431.389893,2484.040039,2407.699951,2470.300049,2470.300049,1.73
2017-08-01,2477.100098,2490.870117,2417.350098,2471.649902,2471.649902,1.94
2017-09-01,2474.419922,2519.439941,2446.550049,2519.360107,2519.360107,2.23
2017-10-01,2521.199951,2582.979980,2520.399902,2575.260010,2575.260010,2.04
2017-11-01,2583.209961,2657.739990,2557.449951,2584.840088,2584.840088,2.20
2017-12-01,2645.100098,2694.969971,2605.520020,2673.610107,2673.610107,2.11
2018-01-01,2683.729980,2872.870117,2682.360107,2823.810059,2823.810059,2.07
2018-02-01,2816.449951,2835.959961,2532.689941,2713.830078,2713.830078,2.21
2018-03-01,2715.219971,2801.899902,2585.889893,2640.870117,2640.870117,2.36
2018-04-01,2633.449951,2717.489990,2553.800049,2648.050049,2648.050049,2.46
2018-05-01,2642.959961,2742.239990,2594.620117,2705.270020,2705.270020,2.80
2018-06-01,2718.699951,2791.469971,2691.989990,2718.370117,2718.370117,2.87
2018-07-01,2704.949951,2848.030029,2698.949951,2816.290039,2816.290039,2.95
2018-08-01,2821.169922,2916.500000,2796.340088,2901.520020,2901.520020,2.70
2018-09-01,2896.959961,2940.909912,2864.120117,2913.979980,2913.979980,2.28
2018-10-01,2926.290039,2939.860107,2603.540039,2711.739990,2711.739990,2.52
2018-11-01,2717.580078,2815.149902,2631.090088,2760.169922,2760.169922,2.18
2018-12-01,2790.500000,2800.179932,2346.580078,2506.850098,2506.850098,1.91
2019-01-01,2476.959961,2708.949951,2443.959961,2704.100098,2704.100098,1.55
2019-02-01,2702.320068,2813.489990,2681.830078,2784.489990,2784.489990,1.52
2019-03-01,2798.219971,2860.310059,2722.270020,2834.399902,2834.399902,1.86
2019-04-01,2848.629883,2949.520020,2848.629883,2945.830078,2945.830078,2.00
2019-05-01,2952.330078,2954.129883,2750.520020,2752.060059,2752.060059,1.79
2019-06-01,2751.530029,2964.149902,2728.810059,2941.760010,2941.760010,1.65
2019-07-01,2971.409912,3027.979980,2952.219971,2980.379883,2980.379883,1.81
2019-08-01,2980.320068,3013.590088,2822.120117,2926.459961,2926.459961,1.75
2019-09-01,2909.010010,3021.989990,2891.850098,2976.739990,2976.739990,1.71
2019-10-01,2983.689941,3050.100098,2855.939941,3037.560059,3037.560059,1.76
2019-11-01,3050.719971,3154.260010,3050.719971,3140.979980,3140.979980,2.05
2019-12-01,3143.850098,3247.929932,3070.330078,3230.780029,3230.780029,2.29
2020-01-01,3244.669922,3337.770020,3214.639893,3225.520020,3225.520020,2.49
2020-02-01,3235.659912,3393.520020,2855.840088,2954.219971,2954.219971,2.33
